<?xml version="1.0" encoding="utf-8"?>
<rows>
	<wearpart>
		<itemcode>20001</itemcode>
		<category>1</category>
		<subcategory>1</subcategory>
		<equpslot>1</equpslot>
		<itemname>양손검</itemname>
		<activate>0</activate>
		<toplist>0</toplist>
		<grade>0</grade>
		<discount>0</discount>
		<icon>20001</icon>
		<playerlv>0</playerlv>
		<multistate>0</multistate>
		<gamecost>0</gamecost>
		<cashcost>0</cashcost>
		<buyamount>1</buyamount>
		<sellcost>0</sellcost>
		<description>전사의 기본 양손검</description>
		<plusatt>10</plusatt>
		<plusdef>0</plusdef>
		<plushp>0</plushp>
	</wearpart>
	<wearpart>
		<itemcode>20002</itemcode>
		<category>1</category>
		<subcategory>1</subcategory>
		<equpslot>1</equpslot>
		<itemname>명사수 활</itemname>
		<activate>0</activate>
		<toplist>0</toplist>
		<grade>0</grade>
		<discount>0</discount>
		<icon>20002</icon>
		<playerlv>0</playerlv>
		<multistate>0</multistate>
		<gamecost>0</gamecost>
		<cashcost>0</cashcost>
		<buyamount>1</buyamount>
		<sellcost>0</sellcost>
		<description>궁수의 기본 활</description>
		<plusatt>20</plusatt>
		<plusdef>0</plusdef>
		<plushp>0</plushp>
	</wearpart>
	<wearpart>
		<itemcode>20003</itemcode>
		<category>1</category>
		<subcategory>1</subcategory>
		<equpslot>1</equpslot>
		<itemname>매직 완드</itemname>
		<activate>0</activate>
		<toplist>0</toplist>
		<grade>0</grade>
		<discount>0</discount>
		<icon>20003</icon>
		<playerlv>0</playerlv>
		<multistate>0</multistate>
		<gamecost>0</gamecost>
		<cashcost>0</cashcost>
		<buyamount>1</buyamount>
		<sellcost>0</sellcost>
		<description>마법사의 기본 완드</description>
		<plusatt>30</plusatt>
		<plusdef>0</plusdef>
		<plushp>0</plushp>
	</wearpart>
	<wearpart>
		<itemcode>20004</itemcode>
		<category>1</category>
		<subcategory>1</subcategory>
		<equpslot>1</equpslot>
		<itemname>은 헬멧</itemname>
		<activate>0</activate>
		<toplist>0</toplist>
		<grade>0</grade>
		<discount>0</discount>
		<icon>20004</icon>
		<playerlv>0</playerlv>
		<multistate>0</multistate>
		<gamecost>0</gamecost>
		<cashcost>0</cashcost>
		<buyamount>1</buyamount>
		<sellcost>0</sellcost>
		<description>은 조각으로 조합한 장비</description>
		<plusatt>40</plusatt>
		<plusdef>0</plusdef>
		<plushp>0</plushp>
	</wearpart>
	<wearpart>
		<itemcode>20005</itemcode>
		<category>1</category>
		<subcategory>1</subcategory>
		<equpslot>1</equpslot>
		<itemname>금 헬멧</itemname>
		<activate>0</activate>
		<toplist>0</toplist>
		<grade>0</grade>
		<discount>0</discount>
		<icon>20005</icon>
		<playerlv>0</playerlv>
		<multistate>0</multistate>
		<gamecost>0</gamecost>
		<cashcost>0</cashcost>
		<buyamount>1</buyamount>
		<sellcost>0</sellcost>
		<description>금 조각으로 조합한 장비</description>
		<plusatt>50</plusatt>
		<plusdef>0</plusdef>
		<plushp>0</plushp>
	</wearpart>
	<wearpart>
		<itemcode>20006</itemcode>
		<category>1</category>
		<subcategory>1</subcategory>
		<equpslot>1</equpslot>
		<itemname>티타늄 헬멧</itemname>
		<activate>0</activate>
		<toplist>0</toplist>
		<grade>0</grade>
		<discount>0</discount>
		<icon>20006</icon>
		<playerlv>0</playerlv>
		<multistate>0</multistate>
		<gamecost>0</gamecost>
		<cashcost>0</cashcost>
		<buyamount>1</buyamount>
		<sellcost>0</sellcost>
		<description>티타늄 조각으로 조합한 장비</description>
		<plusatt>60</plusatt>
		<plusdef>0</plusdef>
		<plushp>0</plushp>
	</wearpart>
	<wearpart>
		<itemcode>200</itemcode>
		<category>1</category>
		<subcategory>2</subcategory>
		<equpslot>1</equpslot>
		<itemname>기본 상의</itemname>
		<activate>0</activate>
		<toplist>0</toplist>
		<grade>0</grade>
		<discount>0</discount>
		<icon>200</icon>
		<playerlv>0</playerlv>
		<multistate>0</multistate>
		<gamecost>0</gamecost>
		<cashcost>0</cashcost>
		<buyamount>1</buyamount>
		<sellcost>0</sellcost>
		<description>방어구</description>
		<plusatt>0</plusatt>
		<plusdef>10</plusdef>
		<plushp>0</plushp>
	</wearpart>
	<wearpart>
		<itemcode>201</itemcode>
		<category>1</category>
		<subcategory>2</subcategory>
		<equpslot>1</equpslot>
		<itemname>돌 상의</itemname>
		<activate>0</activate>
		<toplist>0</toplist>
		<grade>1</grade>
		<discount>0</discount>
		<icon>201</icon>
		<playerlv>0</playerlv>
		<multistate>0</multistate>
		<gamecost>0</gamecost>
		<cashcost>0</cashcost>
		<buyamount>1</buyamount>
		<sellcost>0</sellcost>
		<description>돌 조각으로 조합한 장비</description>
		<plusatt>0</plusatt>
		<plusdef>20</plusdef>
		<plushp>0</plushp>
	</wearpart>
	<wearpart>
		<itemcode>202</itemcode>
		<category>1</category>
		<subcategory>2</subcategory>
		<equpslot>1</equpslot>
		<itemname>동 상의</itemname>
		<activate>0</activate>
		<toplist>0</toplist>
		<grade>2</grade>
		<discount>0</discount>
		<icon>202</icon>
		<playerlv>0</playerlv>
		<multistate>0</multistate>
		<gamecost>0</gamecost>
		<cashcost>0</cashcost>
		<buyamount>1</buyamount>
		<sellcost>0</sellcost>
		<description>동 조각으로 조합한 장비</description>
		<plusatt>0</plusatt>
		<plusdef>20</plusdef>
		<plushp>0</plushp>
	</wearpart>
	<wearpart>
		<itemcode>203</itemcode>
		<category>1</category>
		<subcategory>2</subcategory>
		<equpslot>1</equpslot>
		<itemname>은 상의</itemname>
		<activate>0</activate>
		<toplist>0</toplist>
		<grade>3</grade>
		<discount>0</discount>
		<icon>203</icon>
		<playerlv>0</playerlv>
		<multistate>0</multistate>
		<gamecost>0</gamecost>
		<cashcost>0</cashcost>
		<buyamount>1</buyamount>
		<sellcost>0</sellcost>
		<description>은 조각으로 조합한 장비</description>
		<plusatt>0</plusatt>
		<plusdef>20</plusdef>
		<plushp>0</plushp>
	</wearpart>
	<wearpart>
		<itemcode>204</itemcode>
		<category>1</category>
		<subcategory>2</subcategory>
		<equpslot>1</equpslot>
		<itemname>금 상의</itemname>
		<activate>0</activate>
		<toplist>0</toplist>
		<grade>4</grade>
		<discount>0</discount>
		<icon>204</icon>
		<playerlv>0</playerlv>
		<multistate>0</multistate>
		<gamecost>0</gamecost>
		<cashcost>0</cashcost>
		<buyamount>1</buyamount>
		<sellcost>0</sellcost>
		<description>금 조각으로 조합한 장비</description>
		<plusatt>0</plusatt>
		<plusdef>20</plusdef>
		<plushp>0</plushp>
	</wearpart>
	<wearpart>
		<itemcode>205</itemcode>
		<category>1</category>
		<subcategory>2</subcategory>
		<equpslot>1</equpslot>
		<itemname>티타늄 상의</itemname>
		<activate>0</activate>
		<toplist>0</toplist>
		<grade>5</grade>
		<discount>0</discount>
		<icon>205</icon>
		<playerlv>0</playerlv>
		<multistate>0</multistate>
		<gamecost>0</gamecost>
		<cashcost>0</cashcost>
		<buyamount>1</buyamount>
		<sellcost>0</sellcost>
		<description>티타늄 조각으로 조합한 장비</description>
		<plusatt>0</plusatt>
		<plusdef>20</plusdef>
		<plushp>0</plushp>
	</wearpart>
	<wearpart>
		<itemcode>300</itemcode>
		<category>1</category>
		<subcategory>3</subcategory>
		<equpslot>1</equpslot>
		<itemname>기본 하의</itemname>
		<activate>0</activate>
		<toplist>0</toplist>
		<grade>0</grade>
		<discount>0</discount>
		<icon>300</icon>
		<playerlv>0</playerlv>
		<multistate>0</multistate>
		<gamecost>0</gamecost>
		<cashcost>0</cashcost>
		<buyamount>1</buyamount>
		<sellcost>0</sellcost>
		<description>액세서리</description>
		<plusatt>-1</plusatt>
		<plusdef>0</plusdef>
		<plushp>0</plushp>
	</wearpart>
	<wearpart>
		<itemcode>301</itemcode>
		<category>1</category>
		<subcategory>3</subcategory>
		<equpslot>1</equpslot>
		<itemname>돌 하의</itemname>
		<activate>0</activate>
		<toplist>0</toplist>
		<grade>1</grade>
		<discount>0</discount>
		<icon>301</icon>
		<playerlv>0</playerlv>
		<multistate>0</multistate>
		<gamecost>0</gamecost>
		<cashcost>0</cashcost>
		<buyamount>1</buyamount>
		<sellcost>0</sellcost>
		<description>돌 조각으로 조합한 장비</description>
		<plusatt>4100</plusatt>
		<plusdef>1</plusdef>
		<plushp>100</plushp>
	</wearpart>
	<wearpart>
		<itemcode>302</itemcode>
		<category>1</category>
		<subcategory>3</subcategory>
		<equpslot>1</equpslot>
		<itemname>동 하의</itemname>
		<activate>0</activate>
		<toplist>0</toplist>
		<grade>2</grade>
		<discount>0</discount>
		<icon>302</icon>
		<playerlv>0</playerlv>
		<multistate>0</multistate>
		<gamecost>0</gamecost>
		<cashcost>0</cashcost>
		<buyamount>1</buyamount>
		<sellcost>0</sellcost>
		<description>동 조각으로 조합한 장비</description>
		<plusatt>4101</plusatt>
		<plusdef>1</plusdef>
		<plushp>200</plushp>
	</wearpart>
	<wearpart>
		<itemcode>303</itemcode>
		<category>1</category>
		<subcategory>3</subcategory>
		<equpslot>1</equpslot>
		<itemname>은 하의</itemname>
		<activate>0</activate>
		<toplist>0</toplist>
		<grade>3</grade>
		<discount>0</discount>
		<icon>303</icon>
		<playerlv>0</playerlv>
		<multistate>0</multistate>
		<gamecost>0</gamecost>
		<cashcost>0</cashcost>
		<buyamount>1</buyamount>
		<sellcost>0</sellcost>
		<description>은 조각으로 조합한 장비</description>
		<plusatt>4102</plusatt>
		<plusdef>1</plusdef>
		<plushp>300</plushp>
	</wearpart>
	<wearpart>
		<itemcode>304</itemcode>
		<category>1</category>
		<subcategory>3</subcategory>
		<equpslot>1</equpslot>
		<itemname>금 하의</itemname>
		<activate>0</activate>
		<toplist>0</toplist>
		<grade>4</grade>
		<discount>0</discount>
		<icon>304</icon>
		<playerlv>0</playerlv>
		<multistate>0</multistate>
		<gamecost>0</gamecost>
		<cashcost>0</cashcost>
		<buyamount>1</buyamount>
		<sellcost>0</sellcost>
		<description>금 조각으로 조합한 장비</description>
		<plusatt>4103</plusatt>
		<plusdef>1</plusdef>
		<plushp>400</plushp>
	</wearpart>
	<wearpart>
		<itemcode>305</itemcode>
		<category>1</category>
		<subcategory>3</subcategory>
		<equpslot>1</equpslot>
		<itemname>티타늄 하의</itemname>
		<activate>0</activate>
		<toplist>0</toplist>
		<grade>5</grade>
		<discount>0</discount>
		<icon>305</icon>
		<playerlv>0</playerlv>
		<multistate>0</multistate>
		<gamecost>0</gamecost>
		<cashcost>0</cashcost>
		<buyamount>1</buyamount>
		<sellcost>0</sellcost>
		<description>티타늄 조각으로 조합한 장비</description>
		<plusatt>4104</plusatt>
		<plusdef>1</plusdef>
		<plushp>500</plushp>
	</wearpart>
	<piecebox>
		<itemcode>4000</itemcode>
		<category>40</category>
		<subcategory>40</subcategory>
		<equpslot>3</equpslot>
		<itemname>돌 조각 랜덤박스</itemname>
		<activate>0</activate>
		<toplist>0</toplist>
		<grade>1</grade>
		<discount>0</discount>
		<icon>box01</icon>
		<playerlv>0</playerlv>
		<multistate>0</multistate>
		<gamecost>0</gamecost>
		<cashcost>300</cashcost>
		<buyamount>1</buyamount>
		<sellcost>0</sellcost>
		<description>돌 조각의상 52종 중 랜덤 하나</description>
	</piecebox>
	<piecebox>
		<itemcode>4001</itemcode>
		<category>40</category>
		<subcategory>40</subcategory>
		<equpslot>3</equpslot>
		<itemname>동 조각 랜덤박스</itemname>
		<activate>1</activate>
		<toplist>0</toplist>
		<grade>2</grade>
		<discount>0</discount>
		<icon>box02</icon>
		<playerlv>0</playerlv>
		<multistate>0</multistate>
		<gamecost>0</gamecost>
		<cashcost>1000</cashcost>
		<buyamount>1</buyamount>
		<sellcost>0</sellcost>
		<description>동 조각의상 52종이나 응원의 소리 중 랜덤 하나</description>
	</piecebox>
	<piecebox>
		<itemcode>4002</itemcode>
		<category>40</category>
		<subcategory>40</subcategory>
		<equpslot>3</equpslot>
		<itemname>은 조각 랜덤박스</itemname>
		<activate>1</activate>
		<toplist>0</toplist>
		<grade>3</grade>
		<discount>0</discount>
		<icon>box03</icon>
		<playerlv>0</playerlv>
		<multistate>0</multistate>
		<gamecost>0</gamecost>
		<cashcost>3000</cashcost>
		<buyamount>1</buyamount>
		<sellcost>0</sellcost>
		<description>은 조각의상 52종이나 응원의 소리 중 랜덤 하나</description>
	</piecebox>
	<piecebox>
		<itemcode>4003</itemcode>
		<category>40</category>
		<subcategory>40</subcategory>
		<equpslot>3</equpslot>
		<itemname>금 조각 랜덤박스</itemname>
		<activate>1</activate>
		<toplist>0</toplist>
		<grade>4</grade>
		<discount>0</discount>
		<icon>box04</icon>
		<playerlv>0</playerlv>
		<multistate>0</multistate>
		<gamecost>0</gamecost>
		<cashcost>5000</cashcost>
		<buyamount>1</buyamount>
		<sellcost>0</sellcost>
		<description>금 조각의상 52종이나 응원의 소리 중 랜덤 하나</description>
	</piecebox>
	<piecebox>
		<itemcode>4004</itemcode>
		<category>40</category>
		<subcategory>40</subcategory>
		<equpslot>3</equpslot>
		<itemname>티타늄 조각 랜덤박스</itemname>
		<activate>1</activate>
		<toplist>0</toplist>
		<grade>5</grade>
		<discount>0</discount>
		<icon>box05</icon>
		<playerlv>0</playerlv>
		<multistate>0</multistate>
		<gamecost>0</gamecost>
		<cashcost>10000</cashcost>
		<buyamount>1</buyamount>
		<sellcost>0</sellcost>
		<description>티타늄 조각의상 52종이나 응원의 소리 중 랜덤 하나</description>
	</piecebox>
	<wearbox>
		<itemcode>4100</itemcode>
		<category>40</category>
		<subcategory>41</subcategory>
		<equpslot>3</equpslot>
		<itemname>돌 의상 랜덤박스</itemname>
		<activate>0</activate>
		<toplist>0</toplist>
		<grade>1</grade>
		<discount>0</discount>
		<icon>box01</icon>
		<playerlv>0</playerlv>
		<multistate>0</multistate>
		<gamecost>0</gamecost>
		<cashcost>0</cashcost>
		<buyamount>1</buyamount>
		<sellcost>0</sellcost>
		<description>돌 완성의상 13종 중 랜덤 하나</description>
	</wearbox>
	<wearbox>
		<itemcode>4101</itemcode>
		<category>40</category>
		<subcategory>41</subcategory>
		<equpslot>3</equpslot>
		<itemname>동 의상 랜덤박스</itemname>
		<activate>0</activate>
		<toplist>0</toplist>
		<grade>2</grade>
		<discount>0</discount>
		<icon>box02</icon>
		<playerlv>0</playerlv>
		<multistate>0</multistate>
		<gamecost>0</gamecost>
		<cashcost>0</cashcost>
		<buyamount>1</buyamount>
		<sellcost>0</sellcost>
		<description>동 완성의상 13종 중 랜덤 하나</description>
	</wearbox>
	<wearbox>
		<itemcode>4102</itemcode>
		<category>40</category>
		<subcategory>41</subcategory>
		<equpslot>3</equpslot>
		<itemname>은 의상 랜덤박스</itemname>
		<activate>0</activate>
		<toplist>0</toplist>
		<grade>3</grade>
		<discount>0</discount>
		<icon>box03</icon>
		<playerlv>0</playerlv>
		<multistate>0</multistate>
		<gamecost>0</gamecost>
		<cashcost>0</cashcost>
		<buyamount>1</buyamount>
		<sellcost>0</sellcost>
		<description>은 완성의상 13종 중 랜덤 하나</description>
	</wearbox>
	<wearbox>
		<itemcode>4103</itemcode>
		<category>40</category>
		<subcategory>41</subcategory>
		<equpslot>3</equpslot>
		<itemname>금 의상 랜덤박스</itemname>
		<activate>0</activate>
		<toplist>0</toplist>
		<grade>4</grade>
		<discount>0</discount>
		<icon>box04</icon>
		<playerlv>0</playerlv>
		<multistate>0</multistate>
		<gamecost>0</gamecost>
		<cashcost>0</cashcost>
		<buyamount>1</buyamount>
		<sellcost>0</sellcost>
		<description>금 완성의상 13종 중 랜덤 하나</description>
	</wearbox>
	<wearbox>
		<itemcode>4104</itemcode>
		<category>40</category>
		<subcategory>41</subcategory>
		<equpslot>3</equpslot>
		<itemname>티타늄 의상 랜덤박스</itemname>
		<activate>0</activate>
		<toplist>0</toplist>
		<grade>5</grade>
		<discount>0</discount>
		<icon>box05</icon>
		<playerlv>0</playerlv>
		<multistate>0</multistate>
		<gamecost>0</gamecost>
		<cashcost>0</cashcost>
		<buyamount>1</buyamount>
		<sellcost>0</sellcost>
		<description>티타늄 완성의상 13종 중 랜덤 하나</description>
	</wearbox>
	<cashcoin>
		<itemcode>5000</itemcode>
		<category>50</category>
		<subcategory>50</subcategory>
		<equpslot>0</equpslot>
		<itemname>다이아</itemname>
		<activate>0</activate>
		<toplist>0</toplist>
		<grade>0</grade>
		<discount>0</discount>
		<icon>crystal00</icon>
		<playerlv>0</playerlv>
		<multistate>1</multistate>
		<gamecost>0</gamecost>
		<cashcost>1</cashcost>
		<buyamount>1</buyamount>
		<sellcost>1</sellcost>
		<description>다이아</description>
	</cashcoin>
	<cashcoin>
		<itemcode>5001</itemcode>
		<category>50</category>
		<subcategory>50</subcategory>
		<equpslot>0</equpslot>
		<itemname>다이아 소량</itemname>
		<activate>1</activate>
		<toplist>0</toplist>
		<grade>0</grade>
		<discount>0</discount>
		<icon>crystal01</icon>
		<playerlv>0</playerlv>
		<multistate>0</multistate>
		<gamecost>0</gamecost>
		<cashcost>100</cashcost>
		<buyamount>100</buyamount>
		<sellcost>1</sellcost>
		<description>다이아 소량</description>
	</cashcoin>
	<cashcoin>
		<itemcode>5002</itemcode>
		<category>50</category>
		<subcategory>50</subcategory>
		<equpslot>0</equpslot>
		<itemname>다이아 뭉치</itemname>
		<activate>1</activate>
		<toplist>0</toplist>
		<grade>0</grade>
		<discount>0</discount>
		<icon>crystal02</icon>
		<playerlv>0</playerlv>
		<multistate>0</multistate>
		<gamecost>0</gamecost>
		<cashcost>1000</cashcost>
		<buyamount>1000</buyamount>
		<sellcost>1</sellcost>
		<description>다이아 뭉치</description>
	</cashcoin>
	<cashcoin>
		<itemcode>5003</itemcode>
		<category>50</category>
		<subcategory>50</subcategory>
		<equpslot>0</equpslot>
		<itemname>다이아 주머니</itemname>
		<activate>1</activate>
		<toplist>0</toplist>
		<grade>0</grade>
		<discount>0</discount>
		<icon>crystal03</icon>
		<playerlv>0</playerlv>
		<multistate>0</multistate>
		<gamecost>0</gamecost>
		<cashcost>2500</cashcost>
		<buyamount>2500</buyamount>
		<sellcost>1</sellcost>
		<description>다이아 주머니</description>
	</cashcoin>
	<cashcoin>
		<itemcode>5004</itemcode>
		<category>50</category>
		<subcategory>50</subcategory>
		<equpslot>0</equpslot>
		<itemname>작은 다이아 상자</itemname>
		<activate>1</activate>
		<toplist>0</toplist>
		<grade>0</grade>
		<discount>0</discount>
		<icon>crystal04</icon>
		<playerlv>0</playerlv>
		<multistate>0</multistate>
		<gamecost>0</gamecost>
		<cashcost>4000</cashcost>
		<buyamount>4000</buyamount>
		<sellcost>1</sellcost>
		<description>작은 다이아 상자</description>
	</cashcoin>
	<cashcoin>
		<itemcode>5005</itemcode>
		<category>50</category>
		<subcategory>50</subcategory>
		<equpslot>0</equpslot>
		<itemname>큰 다이아 상자</itemname>
		<activate>1</activate>
		<toplist>0</toplist>
		<grade>0</grade>
		<discount>0</discount>
		<icon>crystal05</icon>
		<playerlv>0</playerlv>
		<multistate>0</multistate>
		<gamecost>0</gamecost>
		<cashcost>10000</cashcost>
		<buyamount>10000</buyamount>
		<sellcost>1</sellcost>
		<description>큰 다이아 상자</description>
	</cashcoin>
	<cashcoin>
		<itemcode>5006</itemcode>
		<category>50</category>
		<subcategory>50</subcategory>
		<equpslot>0</equpslot>
		<itemname>대형 다이아 상자</itemname>
		<activate>1</activate>
		<toplist>0</toplist>
		<grade>0</grade>
		<discount>0</discount>
		<icon>crystal06</icon>
		<playerlv>0</playerlv>
		<multistate>0</multistate>
		<gamecost>0</gamecost>
		<cashcost>20000</cashcost>
		<buyamount>20000</buyamount>
		<sellcost>1</sellcost>
		<description>대형 다이아 상자</description>
	</cashcoin>
	<gamecost>
		<itemcode>6000</itemcode>
		<category>60</category>
		<subcategory>60</subcategory>
		<equpslot>0</equpslot>
		<itemname>볼</itemname>
		<activate>1</activate>
		<toplist>0</toplist>
		<grade>0</grade>
		<discount>0</discount>
		<icon>ball00</icon>
		<playerlv>0</playerlv>
		<multistate>1</multistate>
		<gamecost>0</gamecost>
		<cashcost>1</cashcost>
		<buyamount>1</buyamount>
		<sellcost>1</sellcost>
		<description>볼</description>
	</gamecost>
	<gamecost>
		<itemcode>6001</itemcode>
		<category>60</category>
		<subcategory>60</subcategory>
		<equpslot>0</equpslot>
		<itemname>볼 소량</itemname>
		<activate>1</activate>
		<toplist>0</toplist>
		<grade>0</grade>
		<discount>0</discount>
		<icon>ball01</icon>
		<playerlv>0</playerlv>
		<multistate>0</multistate>
		<gamecost>0</gamecost>
		<cashcost>100</cashcost>
		<buyamount>100</buyamount>
		<sellcost>1</sellcost>
		<description>볼 소량</description>
	</gamecost>
	<gamecost>
		<itemcode>6002</itemcode>
		<category>60</category>
		<subcategory>60</subcategory>
		<equpslot>0</equpslot>
		<itemname>볼 뭉치</itemname>
		<activate>1</activate>
		<toplist>0</toplist>
		<grade>0</grade>
		<discount>0</discount>
		<icon>ball02</icon>
		<playerlv>0</playerlv>
		<multistate>0</multistate>
		<gamecost>0</gamecost>
		<cashcost>1000</cashcost>
		<buyamount>1000</buyamount>
		<sellcost>1</sellcost>
		<description>볼 뭉치</description>
	</gamecost>
	<gamecost>
		<itemcode>6003</itemcode>
		<category>60</category>
		<subcategory>60</subcategory>
		<equpslot>0</equpslot>
		<itemname>볼 주머니</itemname>
		<activate>1</activate>
		<toplist>0</toplist>
		<grade>0</grade>
		<discount>0</discount>
		<icon>ball03</icon>
		<playerlv>0</playerlv>
		<multistate>0</multistate>
		<gamecost>0</gamecost>
		<cashcost>2500</cashcost>
		<buyamount>2500</buyamount>
		<sellcost>1</sellcost>
		<description>볼 주머니</description>
	</gamecost>
	<gamecost>
		<itemcode>6004</itemcode>
		<category>60</category>
		<subcategory>60</subcategory>
		<equpslot>0</equpslot>
		<itemname>작은 볼 상자</itemname>
		<activate>1</activate>
		<toplist>0</toplist>
		<grade>0</grade>
		<discount>0</discount>
		<icon>ball04</icon>
		<playerlv>0</playerlv>
		<multistate>0</multistate>
		<gamecost>0</gamecost>
		<cashcost>4000</cashcost>
		<buyamount>4000</buyamount>
		<sellcost>1</sellcost>
		<description>작은 볼 상자</description>
	</gamecost>
	<gamecost>
		<itemcode>6005</itemcode>
		<category>60</category>
		<subcategory>60</subcategory>
		<equpslot>0</equpslot>
		<itemname>큰 볼 상자</itemname>
		<activate>1</activate>
		<toplist>0</toplist>
		<grade>0</grade>
		<discount>0</discount>
		<icon>ball05</icon>
		<playerlv>0</playerlv>
		<multistate>0</multistate>
		<gamecost>0</gamecost>
		<cashcost>10000</cashcost>
		<buyamount>10000</buyamount>
		<sellcost>1</sellcost>
		<description>큰 볼 상자</description>
	</gamecost>
	<gamecost>
		<itemcode>6006</itemcode>
		<category>60</category>
		<subcategory>60</subcategory>
		<equpslot>0</equpslot>
		<itemname>대형 볼 상자</itemname>
		<activate>1</activate>
		<toplist>0</toplist>
		<grade>0</grade>
		<discount>0</discount>
		<icon>ball06</icon>
		<playerlv>0</playerlv>
		<multistate>0</multistate>
		<gamecost>0</gamecost>
		<cashcost>20000</cashcost>
		<buyamount>20000</buyamount>
		<sellcost>1</sellcost>
		<description>대형 볼 상자</description>
	</gamecost>
	<staticinfo>
		<itemcode>50000</itemcode>
		<category>500</category>
		<subcategory>500</subcategory>
		<equpslot>60</equpslot>
		<itemname>캐쉬 구매</itemname>
		<activate>0</activate>
		<toplist>0</toplist>
		<grade>0</grade>
		<discount>0</discount>
		<icon>16</icon>
		<playerlv>0</playerlv>
		<houselv>0</houselv>
		<gamecost>0</gamecost>
		<cashcost>8</cashcost>
		<buyamount>1</buyamount>
		<sellcost>1</sellcost>
		<description>캐쉬 구매</description>
	</staticinfo>
	<staticinfo>
		<itemcode>50001</itemcode>
		<category>500</category>
		<subcategory>500</subcategory>
		<equpslot>60</equpslot>
		<itemname>조각 의상 박스오픈</itemname>
		<activate>0</activate>
		<toplist>0</toplist>
		<grade>0</grade>
		<discount>0</discount>
		<icon>16</icon>
		<playerlv>0</playerlv>
		<houselv>0</houselv>
		<gamecost>0</gamecost>
		<cashcost>10</cashcost>
		<buyamount>1</buyamount>
		<sellcost>1</sellcost>
		<description>조각 의상 박스오픈</description>
	</staticinfo>
	<staticinfo>
		<itemcode>50002</itemcode>
		<category>500</category>
		<subcategory>500</subcategory>
		<equpslot>60</equpslot>
		<itemname>완성 의상박스 오픈</itemname>
		<activate>0</activate>
		<toplist>0</toplist>
		<grade>0</grade>
		<discount>0</discount>
		<icon>16</icon>
		<playerlv>0</playerlv>
		<houselv>0</houselv>
		<gamecost>0</gamecost>
		<cashcost>0</cashcost>
		<buyamount>1</buyamount>
		<sellcost>1</sellcost>
		<description>완성 의상박스 오픈</description>
	</staticinfo>
	<staticinfo>
		<itemcode>50003</itemcode>
		<category>500</category>
		<subcategory>500</subcategory>
		<equpslot>60</equpslot>
		<itemname>초월 사용횟수</itemname>
		<activate>0</activate>
		<toplist>0</toplist>
		<grade>0</grade>
		<discount>0</discount>
		<icon>16</icon>
		<playerlv>0</playerlv>
		<houselv>0</houselv>
		<gamecost>0</gamecost>
		<cashcost>0</cashcost>
		<buyamount>1</buyamount>
		<sellcost>1</sellcost>
		<description>초월 사용횟수</description>
	</staticinfo>
	<levelupreward>
		<itemcode>51000</itemcode>
		<category>510</category>
		<subcategory>510</subcategory>
		<equpslot>60</equpslot>
		<itemname>레벨업보상1</itemname>
		<activate>0</activate>
		<toplist>0</toplist>
		<grade>1</grade>
		<discount>0</discount>
		<icon>orderxx1</icon>
		<playerlv>0</playerlv>
		<multistate>0</multistate>
		<gamecost>0</gamecost>
		<cashcost>0</cashcost>
		<buyamount>1</buyamount>
		<sellcost>1</sellcost>
		<description>없음</description>
		<lvup>10</lvup>
		<lvupitem>4000</lvupitem>
		<lvupitemcnt>1</lvupitemcnt>
	</levelupreward>
	<levelupreward>
		<itemcode>51001</itemcode>
		<category>510</category>
		<subcategory>510</subcategory>
		<equpslot>60</equpslot>
		<itemname>레벨업보상2</itemname>
		<activate>0</activate>
		<toplist>0</toplist>
		<grade>1</grade>
		<discount>0</discount>
		<icon>orderxx1</icon>
		<playerlv>0</playerlv>
		<multistate>0</multistate>
		<gamecost>0</gamecost>
		<cashcost>0</cashcost>
		<buyamount>1</buyamount>
		<sellcost>1</sellcost>
		<description>없음</description>
		<lvup>20</lvup>
		<lvupitem>4000</lvupitem>
		<lvupitemcnt>1</lvupitemcnt>
	</levelupreward>
	<levelupreward>
		<itemcode>51002</itemcode>
		<category>510</category>
		<subcategory>510</subcategory>
		<equpslot>60</equpslot>
		<itemname>레벨업보상3</itemname>
		<activate>0</activate>
		<toplist>0</toplist>
		<grade>1</grade>
		<discount>0</discount>
		<icon>orderxx1</icon>
		<playerlv>0</playerlv>
		<multistate>0</multistate>
		<gamecost>0</gamecost>
		<cashcost>0</cashcost>
		<buyamount>1</buyamount>
		<sellcost>1</sellcost>
		<description>없음</description>
		<lvup>30</lvup>
		<lvupitem>4000</lvupitem>
		<lvupitemcnt>1</lvupitemcnt>
	</levelupreward>
	<levelupreward>
		<itemcode>51003</itemcode>
		<category>510</category>
		<subcategory>510</subcategory>
		<equpslot>60</equpslot>
		<itemname>레벨업보상4</itemname>
		<activate>0</activate>
		<toplist>0</toplist>
		<grade>1</grade>
		<discount>0</discount>
		<icon>orderxx1</icon>
		<playerlv>0</playerlv>
		<multistate>0</multistate>
		<gamecost>0</gamecost>
		<cashcost>0</cashcost>
		<buyamount>1</buyamount>
		<sellcost>1</sellcost>
		<description>없음</description>
		<lvup>40</lvup>
		<lvupitem>4000</lvupitem>
		<lvupitemcnt>2</lvupitemcnt>
	</levelupreward>
	<levelupreward>
		<itemcode>51004</itemcode>
		<category>510</category>
		<subcategory>510</subcategory>
		<equpslot>60</equpslot>
		<itemname>레벨업보상5</itemname>
		<activate>0</activate>
		<toplist>0</toplist>
		<grade>1</grade>
		<discount>0</discount>
		<icon>orderxx1</icon>
		<playerlv>0</playerlv>
		<multistate>0</multistate>
		<gamecost>0</gamecost>
		<cashcost>0</cashcost>
		<buyamount>1</buyamount>
		<sellcost>1</sellcost>
		<description>없음</description>
		<lvup>50</lvup>
		<lvupitem>4000</lvupitem>
		<lvupitemcnt>2</lvupitemcnt>
	</levelupreward>
	<levelupreward>
		<itemcode>51005</itemcode>
		<category>510</category>
		<subcategory>510</subcategory>
		<equpslot>60</equpslot>
		<itemname>레벨업보상6</itemname>
		<activate>0</activate>
		<toplist>0</toplist>
		<grade>1</grade>
		<discount>0</discount>
		<icon>orderxx1</icon>
		<playerlv>0</playerlv>
		<multistate>0</multistate>
		<gamecost>0</gamecost>
		<cashcost>0</cashcost>
		<buyamount>1</buyamount>
		<sellcost>1</sellcost>
		<description>없음</description>
		<lvup>60</lvup>
		<lvupitem>4000</lvupitem>
		<lvupitemcnt>2</lvupitemcnt>
	</levelupreward>
	<levelupreward>
		<itemcode>51006</itemcode>
		<category>510</category>
		<subcategory>510</subcategory>
		<equpslot>60</equpslot>
		<itemname>레벨업보상7</itemname>
		<activate>0</activate>
		<toplist>0</toplist>
		<grade>1</grade>
		<discount>0</discount>
		<icon>orderxx1</icon>
		<playerlv>0</playerlv>
		<multistate>0</multistate>
		<gamecost>0</gamecost>
		<cashcost>0</cashcost>
		<buyamount>1</buyamount>
		<sellcost>1</sellcost>
		<description>없음</description>
		<lvup>70</lvup>
		<lvupitem>4000</lvupitem>
		<lvupitemcnt>3</lvupitemcnt>
	</levelupreward>
	<levelupreward>
		<itemcode>51007</itemcode>
		<category>510</category>
		<subcategory>510</subcategory>
		<equpslot>60</equpslot>
		<itemname>레벨업보상8</itemname>
		<activate>0</activate>
		<toplist>0</toplist>
		<grade>1</grade>
		<discount>0</discount>
		<icon>orderxx1</icon>
		<playerlv>0</playerlv>
		<multistate>0</multistate>
		<gamecost>0</gamecost>
		<cashcost>0</cashcost>
		<buyamount>1</buyamount>
		<sellcost>1</sellcost>
		<description>없음</description>
		<lvup>80</lvup>
		<lvupitem>4000</lvupitem>
		<lvupitemcnt>3</lvupitemcnt>
	</levelupreward>
	<levelupreward>
		<itemcode>51008</itemcode>
		<category>510</category>
		<subcategory>510</subcategory>
		<equpslot>60</equpslot>
		<itemname>레벨업보상9</itemname>
		<activate>0</activate>
		<toplist>0</toplist>
		<grade>1</grade>
		<discount>0</discount>
		<icon>orderxx1</icon>
		<playerlv>0</playerlv>
		<multistate>0</multistate>
		<gamecost>0</gamecost>
		<cashcost>0</cashcost>
		<buyamount>1</buyamount>
		<sellcost>1</sellcost>
		<description>없음</description>
		<lvup>90</lvup>
		<lvupitem>4000</lvupitem>
		<lvupitemcnt>3</lvupitemcnt>
	</levelupreward>
	<levelupreward>
		<itemcode>51009</itemcode>
		<category>510</category>
		<subcategory>510</subcategory>
		<equpslot>60</equpslot>
		<itemname>레벨업보상10</itemname>
		<activate>0</activate>
		<toplist>0</toplist>
		<grade>1</grade>
		<discount>0</discount>
		<icon>orderxx1</icon>
		<playerlv>0</playerlv>
		<multistate>0</multistate>
		<gamecost>0</gamecost>
		<cashcost>0</cashcost>
		<buyamount>1</buyamount>
		<sellcost>1</sellcost>
		<description>없음</description>
		<lvup>100</lvup>
		<lvupitem>4000</lvupitem>
		<lvupitemcnt>4</lvupitemcnt>
	</levelupreward>
	<levelupreward>
		<itemcode>51010</itemcode>
		<category>510</category>
		<subcategory>510</subcategory>
		<equpslot>60</equpslot>
		<itemname>레벨업보상11</itemname>
		<activate>0</activate>
		<toplist>0</toplist>
		<grade>1</grade>
		<discount>0</discount>
		<icon>orderxx1</icon>
		<playerlv>0</playerlv>
		<multistate>0</multistate>
		<gamecost>0</gamecost>
		<cashcost>0</cashcost>
		<buyamount>1</buyamount>
		<sellcost>1</sellcost>
		<description>없음</description>
		<lvup>110</lvup>
		<lvupitem>4000</lvupitem>
		<lvupitemcnt>4</lvupitemcnt>
	</levelupreward>
	<levelupreward>
		<itemcode>51011</itemcode>
		<category>510</category>
		<subcategory>510</subcategory>
		<equpslot>60</equpslot>
		<itemname>레벨업보상12</itemname>
		<activate>0</activate>
		<toplist>0</toplist>
		<grade>1</grade>
		<discount>0</discount>
		<icon>orderxx1</icon>
		<playerlv>0</playerlv>
		<multistate>0</multistate>
		<gamecost>0</gamecost>
		<cashcost>0</cashcost>
		<buyamount>1</buyamount>
		<sellcost>1</sellcost>
		<description>없음</description>
		<lvup>120</lvup>
		<lvupitem>4000</lvupitem>
		<lvupitemcnt>4</lvupitemcnt>
	</levelupreward>
	<levelupreward>
		<itemcode>51012</itemcode>
		<category>510</category>
		<subcategory>510</subcategory>
		<equpslot>60</equpslot>
		<itemname>레벨업보상13</itemname>
		<activate>0</activate>
		<toplist>0</toplist>
		<grade>1</grade>
		<discount>0</discount>
		<icon>orderxx1</icon>
		<playerlv>0</playerlv>
		<multistate>0</multistate>
		<gamecost>0</gamecost>
		<cashcost>0</cashcost>
		<buyamount>1</buyamount>
		<sellcost>1</sellcost>
		<description>없음</description>
		<lvup>130</lvup>
		<lvupitem>4100</lvupitem>
		<lvupitemcnt>1</lvupitemcnt>
	</levelupreward>
	<levelupreward>
		<itemcode>51013</itemcode>
		<category>510</category>
		<subcategory>510</subcategory>
		<equpslot>60</equpslot>
		<itemname>레벨업보상14</itemname>
		<activate>0</activate>
		<toplist>0</toplist>
		<grade>1</grade>
		<discount>0</discount>
		<icon>orderxx1</icon>
		<playerlv>0</playerlv>
		<multistate>0</multistate>
		<gamecost>0</gamecost>
		<cashcost>0</cashcost>
		<buyamount>1</buyamount>
		<sellcost>1</sellcost>
		<description>없음</description>
		<lvup>140</lvup>
		<lvupitem>4001</lvupitem>
		<lvupitemcnt>1</lvupitemcnt>
	</levelupreward>
	<levelupreward>
		<itemcode>51014</itemcode>
		<category>510</category>
		<subcategory>510</subcategory>
		<equpslot>60</equpslot>
		<itemname>레벨업보상15</itemname>
		<activate>0</activate>
		<toplist>0</toplist>
		<grade>1</grade>
		<discount>0</discount>
		<icon>orderxx1</icon>
		<playerlv>0</playerlv>
		<multistate>0</multistate>
		<gamecost>0</gamecost>
		<cashcost>0</cashcost>
		<buyamount>1</buyamount>
		<sellcost>1</sellcost>
		<description>없음</description>
		<lvup>150</lvup>
		<lvupitem>4001</lvupitem>
		<lvupitemcnt>1</lvupitemcnt>
	</levelupreward>
</rows>
